{"main":{"language":"en","lastHostname":"192.168.1.44","darkTheme":true,"useBinaryPrefix":true,"disableAutoComplete":true,"settingsStorageLocal":false,"settingsSaveDelay":2000,"cacheStorageLocal":true,"cacheSaveDelay":4000,"notifications":{"errorsPersistent":true,"timeout":5000},"webcam":{"url":"","updateInterval":5000,"useFix":false,"embedded":false,"rotation":0,"flip":"none"}},"machine":{"ajaxRetries":2,"updateInterval":250,"extendedUpdateEvery":20,"fileTransferRetryThreshold":358400,"crcUploads":true,"pingInterval":2000,"babystepAmount":0.05,"codes":["M0","M1","M84","M208","T-2","T-1","G1 X300.1","G1 X305.1","G1 X310.1","G1 X310.3","G1 Y190","G1 Z0","G1 Y10 E10 F1000","G1 Y190 E15 F1000","G1 Z06","T1","G1 E100 F100","T0","G1 X345.0 Y150.0","G1 X345.0 Y 150.0","G1 X345.0 Y 150.3","G1 X345.3 Y 150.3","G1 X345.05 Y 150.3","G1 X345.00 Y 150.3","G1 X344.90 Y 150.3","G1 X344.95 Y 150.3","G1 X344.97 Y 150.3","G1 X344.97 Y150.3","G1","M114","G1 X344.99 Y150.25","G1 X345 Y150.25","G1 X345.85 Y150.25","G1 X344.85 Y150.25","G1 344.99 Y150.25","G1 345.99 Y150.25","G1 X345.99 Y150.25","G1 X344/95 Y150.25","G1 X344.95 Y150.25","G1 X344.97 Y150.25","G1 X344.98 Y150.25","G1 X350 Y150","G1 X348.8 Y150","G1 X348.5 Y150","G1 X347 Y150","G1 X346 Y150","G1 X345 Y150","G1 X344.5 Y150","G1 X344.9 Y150","G1 X344.8 Y150","G1 X344.95 Y150","G1 X344.95 Y150.5","G1 X344.95 Y149.5","G1 X344.95 Y149.9","G1 X344.95 Y149.99","G1 X344.95 Y149.87","G1 X344.94 Y149.87","G1 X344.93 Y149.87","G1 X344.92 Y149.87","G1 X344.91 Y149.87","G1 X344.91","G1  X344.91 Y149.87","G1 Z0.2","G1 X150 Y10","G1 X150 Y10 Z0.2","G1 X150 Y100 Z0.2"],"displayedExtraTemperatures":[],"displayedExtruders":[0,1],"displayedFans":[-1],"moveSteps":{"X":[100,50,10,1,0.01],"Y":[100,50,10,1,0.01],"Z":[50,25,5,0.5,0.05],"default":[100,50,10,1,0.1]},"moveFeedrate":6000,"extruderAmounts":[100,50,20,10,5,1],"extruderFeedrates":[60,30,15,5,1],"temperatures":{"tool":{"active":[250,235,220,205,195,160,120,100,0],"standby":[210,180,160,140,0]},"bed":{"active":[110,100,90,70,65,60,0],"standby":[40,30,0]},"chamber":[90,80,70,60,50,40,0]},"spindleRPM":[10000,75000,5000,2500,1000,0]}}